[
  {
    "name": "School Name A",
    "info": "Public | 9 - 12 | Pleasant Hill, CA",
    "location" : "Pleasant Hill, CA",
    "distance": 3.25,
    "score": 9,
    "review": 314,
    "reviewScore": 4.3
  },
  {
    "name": "School Name A",
    "info": "Public | 9 - 12 | Pleasant Hill, CA",
    "location" : "Pleasant Hill, CA",
    "distance": 3.25,
    "score": 7,
    "review": 211,
    "reviewScore": 4.3
  },
  {
    "name": "School Name A",
    "info": "Public | 9 - 12 | Pleasant Hill, CA",
    "location" : "Pleasant Hill, CA",
    "distance": 3.25,
    "score": 5,
    "review": 242,
    "reviewScore": 4.3
  },
  {
    "name": "School Name A",
    "info": "Public | 9 - 12 | Pleasant Hill, CA",
    "location" : "Pleasant Hill, CA",
    "distance": 3.25,
    "score": 2,
    "review": 142,
    "reviewScore": 4.3
  },
  {
    "name": "School Name A",
    "info": "Public | 9 - 12 | Pleasant Hill, CA",
    "location" : "Pleasant Hill, CA",
    "distance": 3.25,
    "score": 8,
    "review": 222,
    "reviewScore": 4.3
  },
  {
    "name": "School Name A",
    "info": "Public | 9 - 12 | Pleasant Hill, CA",
    "location" : "Pleasant Hill, CA",
    "distance": 3.25,
    "score": 7,
    "review": 222,
    "reviewScore": 4.3
  }
]